Sector,Keyword
Nifty 50,nifty
Nifty Next 50,juniorNifty
Nifty Midcap 50,niftyMidcap50
Nifty Smallcap 50,niftySmallcap50Online
Nifty Auto,cnxAuto
Nifty Bank,bankNifty
Nifty Energy,cnxEnergy
Nifty Financial Services,cnxFinance
Nifty FMCG,cnxFMCG
Nifty IT,cnxit
Nifty Media,cnxMedia
Nifty Metal,cnxMetal
Nifty Pharma,cnxPharma
Nifty PSU Bank,cnxPSU
Nifty Realty,cnxRealty
Nifty Private Bank,niftyPvtBank
FO Stocks,foSec
Nifty Midcap 150,niftyMidcap150Online
Nifty Smallcap 250,niftySmallcap250Online
Nifty Midcap 400,niftyMidsml400Online